"","struct.alt"
"hsa-let-7a-1","(((((.(((((((((((((((((((((.....(((...((((....)))).)))))))))))))))))))))))))))))"
"hsa-let-7a-1","(((((.(((((((((((((((((((((.....(((...((((....)))).)))))))))))))))))))))))))))))"
"hsa-let-7a-1","(((((.((((..(((((((((((((((.....(((...((((....)))).))))))))))))))))))..)))))))))"
"hsa-let-7a-1","(((((.((((..(((((((((((((((.....(((...((((....)))).))))))))))))))))))..)))))))))"
"hsa-let-7a-1","(((((.(((((((((((((((((((((.....(((...((((....)))).)))))))))))))))))))))))))))))"
"hsa-let-7a-1","(((((.(((((((((((((((((((((.....(((...((((....)))).)))))))))))))))))))))))))))))"
"hsa-let-7a-1","(((((.(((((((((((((((((((((...........((((....))))....))))))))))))))))))))))))))"
"hsa-let-7a-1","(((((.(((((((((((((((((((((...........((((....))))....))))))))))))))))))))))))))"
"hsa-let-7a-1","...((.(((((((((((((((((((((.....(((...((((....)))).))))))))))))))))))))))))))..."
"hsa-let-7a-2","(((.(((.(((.(((((((((((((......(........).....))))))))))))).))).))).)))."
"hsa-let-7a-2","(((.(((.(((.(((((((((((((......(........).....))))))))))))).))).))).)))."
"hsa-let-7a-2","(((.(((.(((.(((((((((((((.....((.......)).....))))))))))))).))).)))..)))"
"hsa-let-7a-2","(((.(((.(((.(((((((((((((......(........).....))))))))))))).))).)))..)))"
"hsa-let-7a-3",".((.(((((((((((((((((((((((((((...)))))).........))))))))))))))))))))).))."
"hsa-let-7a-3","(((.(((..((((((((((((((((((((((...)))))).........)))))))))))))))))))..)))."
"hsa-let-7a-3","(((.(((..((((((((((((((((((((((...)))))).........)))))))))))))))))))..)))."
"hsa-let-7a-3","(((.(((((((((((((((((((((((((((...)))))).........))))))))))))))))))))).)))"
"hsa-let-7a-3","(((.(((((((((((((((((((((((((((...)))))).........))))))))))))))))))))).)))"
"hsa-let-7a-3","(((.(((((((((((((((((((((((((((...)))))).........))))))))))))))))))))).)))"
"hsa-let-7a-3","(((.(((((((((((((((((((((((((((...)))))).........))))))))))))))))))))).)))"
"hsa-let-7a-3","(((.(((((((((((((((((((((((((((........))))))....))))))))))))))))))))).)))"
"hsa-let-7a-3","(((.(((((((((((((((((((((.(((((...)))))..........))))))))))))))))))))).)))"
"hsa-let-7a-3","(((.(((((((((((((((((((((((((((...)))))).........))))))))))))))))))))).)))"
"hsa-let-7a-3","(((.(((((((((((((((((((((((((((...)))))).........))))))))))))))))))))).)))"
"hsa-let-7a-3","(((.(((((((((((((((((((((((((((...)))))).........))))))))))))))))))))).)))"
"hsa-let-7a-3","..(((((((((((((((((((((((((((((...)))))).........))))))))))))))))).).)))))"
"hsa-let-7b","(((((.((((((((((((((((((((((((((((((.....))).)))).))).....)))))))))))))))))))))))))"
"hsa-let-7b","(((((.((((((((((((((((((((((((((((((.....))).)))).))).....)))))))))))))))))))))))))"
"hsa-let-7b","(((((.(((((((((((((((((((..(((((((((.....)))))).).....))...))))))))))))))))))))))))"
"hsa-let-7b","(((((.(((((((((((((((((((..(((((((((.....)))))).).....))...))))))))))))))))))))))))"
"hsa-let-7b","(((((.((((((((((((((((((((((.(((((((.....))).)))).)))......))))))))))))))))))))))))"
"hsa-let-7b","(((((.((((((((((((((((((((((.(((((((.....))).)))).)))......))))))))))))))))))))))))"
"hsa-let-7b","(((((.((((((((((((((((((((((..((((((.....)))))).((....)))))))))))))))))))))))))))))"
"hsa-let-7b","(((((.((((((((((((((((((((((((((((((.....)))).))).))).....)))))))))))))))))))))))))"
"hsa-let-7b","(((((.(((((((((((((((((((((((((((.((......)).)))).))).....)))))))))))))))))))))))))"
"hsa-let-7b","(((((.(((((((((((((((((((((...((((((.....)))))).((....)).))))))))))))))))))))))))))"
"hsa-let-7b","(((((.((((((((.(((((((((((((((((((((.....)))))).).))).....))))))))))).)))))))))))))"
"hsa-let-7b","(((((.((((((((.(((((((((((((((((((((.....)))))).).))).....))))))))))).)))))))))))))"
"hsa-let-7b","(((((.((((((((((((((((((((((((((((((.....)))).))).))).....)))))))))))))))))))))))))"
"hsa-let-7b","(((((.((((((((((((((((((((((((((((((.....)))).))).))).....)))))))))))))))))))))))))"
"hsa-let-7b","..((((((((((((((((((((((((((((((((((.....))))).)).))).....))))))))))))))))))))))))."
"hsa-let-7b","..((((((((((((((((((((((((((((((((((.....))))).)).))).....))))))))))))))))))))))))."
"hsa-let-7b",".((((.((((((((((((((((((((((((((((((.....)))).))).))).....))))))))))))))))))))))))."
"hsa-let-7c","...((((((..(((.(((.(((((((((((((..((.(..(.....)..).))))))))))))))).))).)))..)))))).."
"hsa-let-7c","((.((((((..(((.(((.(((((((((((((..((.(..(.....)..).))))))))))))))).))).)))..))))))))"
"hsa-let-7c","((.((((((..(((((((.(((((((((((((..((.(..(.....)..).))))))))))))))).)).))))).))))))))"
"hsa-let-7c","((.((((((..(((((((.(((((((((((((..((.(..(.....)..).))))))))))))))).)).))))).))))))))"
"hsa-let-7c","((.((((((..(((.(((...(((((((((((..((.(..(.....)..).)))))))))))))...))).)))..))))))))"
"hsa-let-7c","((.((((((..(((.(((...(((((((((((..((.(..(.....)..).)))))))))))))...))).)))..))))))))"
"hsa-let-7c","((.((((((..(((.(((.(((((.(((((((..((.(..(.....)..).))))))))).))))).))).)))..))))))))"
"hsa-let-7c","((.((((((..(((.(((.(((((.(((((((..((.(..(.....)..).))))))))).))))).))).)))..))))))))"
"hsa-let-7c","((.((((((..(((.(((.(((((((((((((..((.(..(.....)..).))))))))))))))).))).)))..))))))))"
"hsa-let-7c","((.((((((..(((.(((.(((((((((((((..((.(..(.....)..).))))))))))))))).))).)))..))))))))"
"hsa-let-7c","((.((((((..(((.(((..((((((((((((..((.(..(.....)..).))))))))))))))..))).)))..))))))))"
"hsa-let-7c","((.((((((..(((.(((..((((((((((((..((.(..(.....)..).))))))))))))))..))).)))..))))))))"
"hsa-let-7c","((.((((((..((..(((.(((((((((((((..((.(..(.....)..).))))))))))))))).)))..))..))))))))"
"hsa-let-7c","((.((((((..((..(((.(((((((((((((..((.(..(.....)..).))))))))))))))).)))..))..))))))))"
"hsa-let-7c","((.((((((..(((.(((.(((((((((((((..((.(..(.....)..).))))))))))))))).))).)))..))))))))"
"hsa-let-7c","((.((((((..(((.(((.(((((((((((((..((.(..(.....)..).))))))))))))))).))).)))..))))))))"
"hsa-let-7c","((.(((((...(((.(((.(((((((((((((..((.(..(.....)..).))))))))))))))).))).)))...)))))))"
"hsa-let-7c","((.(((((...(((.(((.(((((((((((((..((.(..(.....)..).))))))))))))))).))).)))...)))))))"
"hsa-let-7c","((.((.(((..(((.(((.(((((((((((((..((.(..(.....)..).))))))))))))))).))).))).))).)).))"
"hsa-let-7c","(((...(((..(((.(((.(((((((((((((..((.(..(.....)..).))))))))))))))).))).))).))))))..."
"hsa-let-7d","(((((((.((((((((((((((.((((((...((((((.....))))))..........)))))).)))))))))))))))))))))"
"hsa-let-7d","(((((((.((((((((((((((.((((((...((((((.....))))))..........)))))).)))))))))))))))))))))"
"hsa-let-7d","(((((((((..(((((((((((.((((((...((((((.....))))))..........)))))).))))))))))).)))))))))"
"hsa-let-7d","(((((((((..(((((((((((.((((((...((((((.....))))))..........)))))).))))))))))).)))))))))"
"hsa-let-7d","((((((.(((((((.(((((((.((((((...((((((.....))))))..........)))))).))))))).)))))))))))))"
"hsa-let-7d","((((((.(((((((.(((((((.((((((...((((((.....))))))..........)))))).))))))).)))))))))))))"
"hsa-let-7d","((((((.(((((((((((.(((.((((((...((((((.....))))))..........)))))).))).)))))))))))))))))"
"hsa-let-7d","((((((.(((((((((((.(((.((((((...((((((.....))))))..........)))))).))).)))))))))))))))))"
"hsa-let-7e",".((.....(((.((((((((((((((((.((...((....)).......)))))))))))))))))).)))......))"
"hsa-let-7e","((.(((..(((.(((((((((((((((.(((..(((....)))......)))))))))))))))))).)))..))).))"
"hsa-let-7e","((.(((..(((.(((((((((((((((.(((...((....)).......)))))))))))))))))).)))..))).))"
"hsa-let-7e","((.(((..(((.(((((((((((.(((.(((...((....)).......)))))).))))))))))).)))..))).))"
"hsa-let-7e","((.(((..(((.(((((((((((.(((.(((...((....)).......)))))).))))))))))).)))..))).))"
"hsa-let-7e","((.(((..(((.((((((((.(((((((.((...((....)).......))))))))).)))))))).)))..))).))"
"hsa-let-7e","((.(((..(((.((((((((.(((((((.((...((....)).......))))))))).)))))))).)))..))).))"
"hsa-let-7e","((.(((..(((.((((.((((((((((.(((...((....)).......))))))))))))).)))).)))..))).))"
"hsa-let-7e","((.(((..(((.((((.((((((((((.(((...((....)).......))))))))))))).)))).)))..))).))"
"hsa-let-7e","((.(((..(((.(((((((((((((((.(((...((....)).......)))))))))))))))))).)))..))).))"
"hsa-let-7e","((.(((..(((.(((((((((((((((.(((...((....)).......)))))))))))))))))).)))..))).))"
"hsa-let-7f-1","((((...((((((((((((((((((((((((((((((.....))))))).........)))))))))))))))))))))))..))))"
"hsa-let-7f-1","((((...((((((((((((((((((((((((((((((.....))))))).........)))))))))))))))))))))))..))))"
"hsa-let-7f-1","((((...(((((((((((((((((((((((.((((((((......)))))))).....)))))))))))))))))))))))..))))"
"hsa-let-7f-1","((((...((((((((((((((((((((((((((((((.....))))))).........)))))))))))))))))))))))..))))"
"hsa-let-7f-1","((((...(((((((((((.((((((((((((((((((.....))))))).........))))))))))).)))))))))))..))))"
"hsa-let-7f-1","((((...(((((((((((.((((((((((((((((((.....))))))).........))))))))))).)))))))))))..))))"
"hsa-let-7f-1","((((...(((((((((.((((((((((((((((((((.....))))))).........))))))))))))).)))))))))..))))"
"hsa-let-7f-1","((((...(((((((((.((((((((((((((((((((.....))))))).........))))))))))))).)))))))))..))))"
"hsa-let-7f-1","((((...((((((.(((((((((((((((((((((((.....))))))).........)))))))))))))))).))))))..))))"
"hsa-let-7f-1","((((...((((((.(((((((((((((((((((((((.....))))))).........)))))))))))))))).))))))..))))"
"hsa-let-7f-2","(((((((((((((((((((((((((((.((((...)))).((((...))))....)))))))))))))))))))).)))))))"
"hsa-let-7f-2","(((((((((((((((((((((((((((.((((...)))).((((...))))....)))))))))))))))))))).)))))))"
"hsa-let-7f-2","(((((((((((((((((((((((((((.((((...)))).((((...))))....)))))))))))))))))))).)))))))"
"hsa-let-7f-2","(((.(((((((((((((((((((((((.((((...)))).((((...))))....)))))))))))))))))))).))).)))"
"hsa-let-7g","....((((((((.((((((((((((((((..((((((....)))).)).)))).....)))))))))))).))))))))....."
"hsa-let-7g","....((((((((.((((((((((((((((..((((((....)))).)).)))).....)))))))))))).))))))))....."
"hsa-let-7g","....((((((((.((((((((((((((((..((((((....)))).)).)))).....)))))))))))).))))))))....."
"hsa-let-7i",".((((....((((((((((((((.(((((.(((((.........)))))))........))).))))))))))))))...))))"
"hsa-let-7i",".((((....((((((((((((((.(((((.(((((.........)))))))........))).))))))))))))))...))))"
"hsa-let-7i",".((((.(((((((((((((((((.(((((.(((((.........)))))))........))).)))))))))))))))))))))"
"hsa-let-7i",".((((.(((((((((((((((((.(((((.(((((.........)))))))........))).)))))))))))))))))))))"
"hsa-let-7i",".((((.(((((((((((((((((.(((((.(((((.........)))))))........))).)))))))))))))))))))))"
"hsa-mir-1-1",".((((.((((((((((((((((..((((((((.....)))...))))).)))))))))))))))).))))."
"hsa-mir-1-1",".((((.((((((((((((((((..((((((((.....)))...))))).)))))))))))))))).))))."
"hsa-mir-1-1",".((((.((((((((((((((((..((((((((.....)))...))))).)))))))))))))))).))))."
"hsa-mir-1-1",".((((.((((((((((((((((..(((((..............))))).)))))))))))))))).))))."
"hsa-mir-1-1",".((((.((((((((((((((((..(((((..............))))).)))))))))))))))).))))."
"hsa-mir-1-1",".((((.((((((((((((((((..((...(((..((....))))).)).)))))))))))))))).))))."
"hsa-mir-1-1",".((((.((((((((((((((((..((...(((..((....))))).)).)))))))))))))))).))))."
"hsa-mir-1-1",".((((.(((((((((((((.((..((((((((.....)))...))))).)).))))))))))))).))))."
"hsa-mir-1-1",".((((.(((((((((((((.((..((((((((.....)))...))))).)).))))))))))))).))))."
"hsa-mir-1-1",".((((.((((((((((((.(((..((((((((.....)))...))))).))).)))))))))))).))))."
"hsa-mir-1-1",".((((.((((((((((((.(((..((((((((.....)))...))))).))).)))))))))))).))))."
"hsa-mir-1-1",".((((.((((((((.(((((((..((((((((.....)))...))))).))))))).)))))))).))))."
"hsa-mir-1-1",".((((.((((((((.(((((((..((((((((.....)))...))))).))))))).)))))))).))))."
"hsa-mir-1-1",".((((.((((((((((((((((..((((((((.....)))...))))).)))))))))))))))).))))."
"hsa-mir-1-1",".((((.((((((((((((((((..((((((((.....)))...))))).)))))))))))))))).))))."
"hsa-mir-1-1",".((((.((((((((((((((((..((((((((.....)))...))))).)))))))))))))))).))))."
"hsa-mir-1-2",".((((((.(((((((((((((((((((((.(((((....((......)))))))..))))))))))))))))))))).))))))."
"hsa-mir-1-2",".((((((.(((((((((((((((((((((.(((((....((......)))))))..))))))))))))))))))))).))))))."
"hsa-mir-1-2",".((((((.(((((((((((((((((((((.(((((....((......)))))))..))))))))))))))))))))).))))))."
"hsa-mir-100","((((.....((((.(((.((((((.(((.(((((((.........))))))).))).)))))).))).))))....))))"
"hsa-mir-100","((((.....((((.(((.((((((.(((.((((((...........)))))).))).)))))).))).))))....))))"
"hsa-mir-100","((((.....((((.(((.((((((.(((.((((((...........)))))).))).)))))).))).))))....))))"
"hsa-mir-100","((((.....((((.((..((((((.(((.((((((...........)))))).))).))))))..)).))))....))))"
"hsa-mir-100","((((.....((((.((..((((((.(((.((((((...........)))))).))).))))))..)).))))....))))"
"hsa-mir-101-1","((((...(.((((((((((((((((((((((............)))).)))))))))))))))))))....))))"
"hsa-mir-101-1","......(((((((((((((((((((((((((............)))).))))))))))))))))))...)))..."
"hsa-mir-101-1","((((...((..((((((((((((((((((((............)))).)))))))))))))))).))....))))"
"hsa-mir-101-1","((((...((..((((((((((((((((((((............)))).)))))))))))))))).))....))))"
"hsa-mir-101-1","((((...(.((((((((.(((((((((((((............)))).))))))))).)))))))))....))))"
"hsa-mir-101-1","((((...(.((((((((.(((((((((((((............)))).))))))))).)))))))))....))))"
"hsa-mir-101-1","((((...((.((((((((((((((((((((((.......)))))....)))))))))))))))))))....))))"
"hsa-mir-101-1","((((...((.((((((((((((((((((((((.......)))))....)))))))))))))))))))....))))"
"hsa-mir-101-1","((((...((.(((((((((((((((((((((............)))).)))))))))))))))))))....))))"
"hsa-mir-101-1","((((...((.(((((((((((((((((((((............)))).)))))))))))))))))))....))))"
"hsa-mir-101-2","((((.((((((((((((((((((((......(((((((.........))))))))))))))))))))))))).))))))"
"hsa-mir-101-2","((((.((((((((((((((((((((......(((((((.........))))))))))))))))))))))))).))))))"
"hsa-mir-101-2","((((.((((((((((((((((((((......(((((((.........))))))))))))))))))))))))).))))))"
"hsa-mir-101-2","((((.((((((((((((((((((((......(((((((.........))))))))))))))))))))))))).))))))"
"hsa-mir-101-2","((((.((((((((((((((((((((......(((((((.........))))))))))))))))))))))))).))))))"
"hsa-mir-101-2","((((.((((((((((((((((((((......(((((((.........))))))))))))))))))))))))).))))))"
"hsa-mir-101-2","((((.((((((((((((((((((((......(((((((.........))))))))))))))))))))))))).))))))"
"hsa-mir-101-2","((((.((((((((((((((((((((((...((((............))))..)))))))))))))))))))).))))))"
"hsa-mir-101-2","((((.((((((((((((((((((((((...((((((........))))))..)))))))))))))))))))).))))))"
"hsa-mir-101-2","((((((((..(((((.(((.((((((....))))))))).)))))))).)))))..........."
"hsa-mir-101-2","((((((((..(((((.(((.((((((....))))))))).)))))))).)))))..........."
"hsa-mir-101-2","((((.((((((((((((((((.(((......(((((((.........)))))))))).)))))))))))))).))))))"
"hsa-mir-101-2","((((.((((((((((((((((.(((......(((((((.........)))))))))).)))))))))))))).))))))"
"hsa-mir-101-2","((((.((...(((((((((((((((......(((((((.........))))))))))))))))))))))....))))))"
"hsa-mir-101-2",".....((((((((((((((((((((......(((((((.........))))))))))))))))))))))))).))...."
"hsa-mir-10392","....(((..(((...)))..))).(((((((.(((...((((.....))))..((((((....))))))))).))))..)))....."
"hsa-mir-10393",".(((.(((.....((((.((....)).))))..))).))).........."
"hsa-mir-10393",".(((.(((.....((((.((....)).))))..))).))).........."
"hsa-mir-10394","......((((((.(((...(((((........)))))...))).)))))).((((....((((.....))))...))))...."
"hsa-mir-10394","......((((((.(((...(((((........)))))...))).)))))).((((....((((.....))))...))))...."
"hsa-mir-10394","(((...((((((((((..((((..((......((((...((....))...))))......))))))))))))))))...)))."
"hsa-mir-10394","(((...((((((((((..((((..((......((((...((....))...))))......))))))))))))))))...)))."
"hsa-mir-10394","(((...((((((((((..((((...(((....((((...((....))...))))...)))..))))))))))))))...)))."
"hsa-mir-10394","(((...((((((((((..((((............(((((......)))))............))))))))))))))...)))."
"hsa-mir-10394","(((...((((((((((..((((............(((((......)))))............))))))))))))))...)))."
"hsa-mir-10394","(((...((((((((((..((((..........((((..(((....)))..))))........))))))))))))))...)))."
"hsa-mir-10394","(((...((((((((((..((((........(((((((...((((.....)))).)).)))))))))))))))))))...)))."
"hsa-mir-10394","(((...((((((((((..((((..........((((...((....))...))))........))))))))))))))...)))."
"hsa-mir-10394","(((...((((((((((..((((..........((((...((....))...))))........))))))))))))))...)))."
"hsa-mir-10394","(((...((((((((((...(((..........((((...((....))...))))........))).))))))))))...)))."
"hsa-mir-10394","(((...((((((((((...(((..........((((...((....))...))))........))).))))))))))...)))."
"hsa-mir-10394","(((...(((((((((..(((((..........((((...((....))...))))........))))))))))))))...)))."
"hsa-mir-10394","(((...(((((((((..(((((..........((((...((....))...))))........))))))))))))))...)))."
"hsa-mir-10394","(((...((((((((((..((((..((......((((...((....))...))))......))))))))))))))))...)))."
"hsa-mir-10394","(((...((((((((((..((((..((......((((...((....))...))))......))))))))))))))))...)))."
"hsa-mir-10394","(((...((((((((((..((((..((......((((...((....))...))))......))))))))))))))))...)))."
"hsa-mir-10394","(((...((((((((((..((((..((......((((...((....))...))))......))))))))))))))))...)))."
"hsa-mir-10394","(((...((((.(((((..((((..........((((...((....))...))))........))))))))).))))...)))."
"hsa-mir-10394","(((...((((.(((((..((((..........((((...((....))...))))........))))))))).))))...)))."
"hsa-mir-10394","((((((.(((((((((..((((..........((((...((....))...))))........))))))))))))))))).))."
"hsa-mir-10394","((((((.(((((((((..((((..........((((...((....))...))))........))))))))))))))))).))."
"hsa-mir-10394","(((...((((((((((..((((..........((((...((....))...))))........))))))))))))))...)))."
"hsa-mir-10394","(((...((((((((((..((((..........((((...((....))...))))........))))))))))))))...)))."
"hsa-mir-10396a","..((((((((((.(((.(((....))).))).)))))))).))......"
"hsa-mir-10396a","..((((((((((.(((.(((....))).))).)))))))).))......"
"hsa-mir-10396a","((((((((((((.(((.(((....))).))).)))))))).)).))..."
"hsa-mir-10396a","((((((((((((.(((.(((....))).))).)))))))).)).))..."
"hsa-mir-10397","((((((((..(((.((((.(((.((.((((...)))).)).))).)))))))..))))......))))"
"hsa-mir-10397","((((((((..(((.((((.(((.((.((((...)))).)).))).)))))))..))))......))))"
"hsa-mir-10397","...(((.((..(((((....))))))))))...((((((....)))))).(((((........)))))"
"hsa-mir-10397","........((((.(((....)))))))......((((((....)))))).(((((........)))))"
"hsa-mir-10397","((((((((..(((.((((.(((.((.((((...)))).)).))).)))))))..))))......))))"
"hsa-mir-10397","((((((((..(((.((((.(((.(((((((...))))))).))).)))))))..))))......))))"
"hsa-mir-10397","((((((((..(((.((((.(((.((.((((...)))).)).))).)))))))..))))......))))"
"hsa-mir-10397","((((((((..(((.((((.(((.((.((((...)))).)).))).)))))))..))))......))))"
"hsa-mir-10397","...(((.((....(((....)))..)))))...((((((....)))))).((((..........))))"
"hsa-mir-10397","...(((.((....(((....)))..)))))...((((((....)))))).((((..........))))"
"hsa-mir-10397","...(((.((....(((....)))..)))))...((((((....)))))).(((((........)))))"
"hsa-mir-10397","...(((.((....(((....)))..)))))...((((((....)))))).(((((........)))))"
"hsa-mir-10398",".((.(((((..(((((((.((((((....).)).)))...)))))))..))))).))"
"hsa-mir-10398",".((.(((((..(((((((.((((((....).)).)))...)))))))..))))).))"
"hsa-mir-103a-1",".....((.(((..(((((.((((((((((((((............)))).)))))))))).)).)))))).))....."
